{"cameraMode":{"drawMode":0,"name":"Shaded","section":"Shading Mode"},"sceneLighting":true,"audioPlay":false,"sceneViewState":{"showFog":true,"showMaterialUpdate":false,"showSkybox":true,"showFlares":true,"showImageEffects":true,"showParticleSystems":true},"in2DMode":false,"pivot":{"x":22.899999618530275,"y":6.059999942779541,"z":3.859999895095825},"rotation":{"x":-0.2716081142425537,"y":0.5902422070503235,"z":-0.22035743296146394,"w":-0.7275203466415405},"size":22.0,"orthographic":false}